{
  "filepath": "experiment/songs/duet/baseline/score.musicxml",
  "chord_vocabulary_size": 37,
  "pct_extended_chords": 0.28735632183908044,
  "harmonic_rhythm": -0.0058823529411764705,
  "cadence_count_authentic": 6,
  "cadence_count_half": 13,
  "cadence_count_deceptive": 1,
  "cadence_count_plagal": 2,
  "key_stability": 0.9478260869565217,
  "modulation_count": 0,
  "scale_consistency": 0.9478260869565217,
  "avg_interval_size": 3.4424778761061945,
  "pct_stepwise": 0.34513274336283184,
  "pct_rising": 0.46017699115044247,
  "pct_falling": 0.5221238938053098,
  "pct_static": 0.017699115044247787,
  "melodic_range": 38,
  "rhythmic_variety": 6,
  "repetition_density": 0.16666666666666666,
  "num_parts": 2,
  "total_duration_beats": 64.0,
  "dynamics_count": 11,
  "hairpin_count": 6,
  "articulation_count": 6,
  "staccato_count": 3,
  "accent_count": 3,
  "expression_count": 0,
  "tempo_count": 2,
  "time_sig_complexity": 0.0,
  "num_sections": 0,
  "instrument_count": 2,
  "voice_crossing_count": 0,
  "avg_range_utilization": 0.25287356321839083,
  "doubling_score": 0.3125,
  "note_density": 0.8984375,
  "rest_ratio": 0.0703125,
  "pitch_class_entropy": 2.765581618141598,
  "interval_entropy": 3.635505106214803,
  "melodic_autocorrelation": 0.3683370335130562,
  "phrase_length_regularity": 0.2430679560328757,
  "strong_beat_consonance": 0.8125,
  "rhythmic_independence": 0.484375,
  "groove_consistency": 0.8875
}