{
  "filepath": "experiment/songs/prelude/baseline/score.musicxml",
  "chord_vocabulary_size": 14,
  "pct_extended_chords": 0.05102040816326531,
  "harmonic_rhythm": 0.036458333333333336,
  "cadence_count_authentic": 4,
  "cadence_count_half": 16,
  "cadence_count_deceptive": 1,
  "cadence_count_plagal": 5,
  "key_stability": 0.9714285714285714,
  "modulation_count": 3,
  "scale_consistency": 0.9714285714285714,
  "avg_interval_size": 4.882352941176471,
  "pct_stepwise": 0.25,
  "pct_rising": 0.5,
  "pct_falling": 0.47058823529411764,
  "pct_static": 0.029411764705882353,
  "melodic_range": 48,
  "rhythmic_variety": 6,
  "repetition_density": 0.16666666666666666,
  "num_parts": 2,
  "total_duration_beats": 127.5,
  "dynamics_count": 7,
  "hairpin_count": 6,
  "articulation_count": 11,
  "staccato_count": 3,
  "accent_count": 0,
  "expression_count": 4,
  "tempo_count": 8,
  "time_sig_complexity": 0.0,
  "num_sections": 0,
  "instrument_count": 1,
  "voice_crossing_count": 0,
  "avg_range_utilization": 0.20689655172413796,
  "doubling_score": 0.015748031496062992,
  "note_density": 0.2788844621513944,
  "rest_ratio": 0.0,
  "pitch_class_entropy": 2.768160738221346,
  "interval_entropy": 3.728350482060463,
  "melodic_autocorrelation": 0.0277443111648813,
  "phrase_length_regularity": null,
  "strong_beat_consonance": null,
  "rhythmic_independence": 0.48031496062992124,
  "groove_consistency": 0.8416666666666667
}